
<?xml version="1.0" encoding="UTF-8" standalone="yes"?>
<addon id="repository.androidtvescobedo" name="androidtvescobedo official Repo" version="1.1.0" provider-name="androidtvescobedo">
	<extension point="xbmc.addon.repository" name="androidtvescobedo official Repo">
		<info compressed="false">https://raw.githubusercontent.com/psychox3/androidtvescobedo/master/addons.xml</info>
		<checksum>https://raw.githubusercontent.com/psychox3/androidtvescobedo/master/addons.xml.md5</checksum>
		<datadir zip="true">https://raw.githubusercontent.com/psychox3/androidtvescobedo/master/</datadir>
	</extension>
	<extension point="xbmc.addon.metadata">
		<summary>androidtvescobedo official Repo</summary>
   		<description lang="en">Instala los Addons de androidtvescobedo.</description>
		<disclaimer></disclaimer>
		<platform>all</platform>
	</extension>
</addon>

