<?xml version="1.0" encoding="UTF-8" standalone="yes"?>
<addon id="plugin.video.wwe-on-demand" name="[COLOR gold][B]WWE On Demand[/B][/COLOR]" version="2.9.2" provider-name="@PBear90">
  <requires>
    <import addon="xbmc.python" version="2.1.0"/>
    <import addon="script.module.simplejson" version="3.3.0"/>
    <import addon="script.module.urlresolver"  version="2.1.2"/>
    <import addon="script.module.liveresolver" version="0.1.24"/>
    <import addon="script.common.plugin.cache" version="2.5.2"/>

    <import addon="script.module.metahandler" version="2.5.1"/>
    <import addon="plugin.video.youtube" optional="true" />
  </requires>
  <extension point="xbmc.python.pluginsource" library="default.py">
        <provides>video</provides>
  </extension>
  <extension point="xbmc.addon.metadata">
    <summary lang="en">The Home Of WWE On Demand</summary>
    <description lang="en">The Offical Home Of WWE On Demand</description>
    <platform>all</platform>
  </extension>
</addon>
