<?xml version="1.0" encoding="UTF-8" standalone="yes"?>
<addon id="plugin.video.deadpool"
       name="[COLOR red]Deadpool[/COLOR]"
       version="0.17.2"
       provider-name="PcFixers">
  <requires>
    <import addon="xbmc.python" version="2.1.0"/>
    <import addon="script.module.beautifulsoup" version="3.2.1"/>
    <import addon="script.module.simple.downloader" version="0.9.4"/>
    <import addon="script.module.beautifulsoup4" />
    <import addon="script.module.requests" />
    <import addon="script.module.httplib2" />
    <import addon="script.module.youtube.dl" optional="true"/>
    <import addon="plugin.video.youtube" optional="true" />
    <import addon="script.module.urlresolver" optional="true"/>
    <import addon="script.module.simplejson" />    
     <import addon="script.module.livestreamer" optional="true"/>
  </requires>
  <extension point="xbmc.python.pluginsource" library="default.py">
    <provides>video</provides>
  </extension>
  <extension point="xbmc.addon.metadata">
   <summary>Sursum Versus</summary>
    <description>
	Este addon se mantiene gracias a las donaciones.
	Todo el dinero donado se gasta en costos de mantenimiento.
	El Donar Te Da:
	Inmunidad En El grupo de[COLOR deepskyblue] Facebook[/COLOR] Powerpack Addon
	Canales Premium Y Soporte Por Parte Del Staff.
	Si Gustas Ver Alguna Pelicula o Serie En Especial Y Quieres Que La Pongamos.
	El Placer y la distincion de saber que estas ayudando a proveer el mejor addon y el mejor servicio posible
    </description>
    <platform>all</platform>
  </extension>
</addon>
