<?xml version="1.0" encoding="UTF-8" standalone="yes"?>
<addon id="plugin.video.MundoLatino"
       name="[COLOR yellow]Mundo Latino[/COLOR]"
       version="3.0.0"
       provider-name="Mundo Latino">
  <requires>
    <import addon="xbmc.python" version="2.1.0"/>
    <import addon="script.module.beautifulsoup" version="3.2.1"/>
    <import addon="script.module.simple.downloader" version="0.9.4"/>
    <import addon="script.module.beautifulsoup4" />
    <import addon="script.module.requests" />
    <import addon="script.module.httplib2" />
    <import addon="script.module.youtube.dl" optional="true"/>
    <import addon="plugin.video.youtube" optional="true" />
    <import addon="script.module.urlresolver" optional="true"/>
    <import addon="script.module.simplejson" />    
     <import addon="script.module.livestreamer" optional="true"/>
  </requires>
  <extension point="xbmc.python.pluginsource" library="default.py">
    <provides>video</provides>
  </extension>
  <extension point="xbmc.addon.metadata">
    <summary>ESPERO QUE DISFRUTES TODO LO QUE TENEMOS PARA OFRECERTE Y RECUERDA ES GRATIS</summary>
    <description>
CANALES RETRASMITIDOS POR INTERNET Y OTRAS PLATAFORMAS,MUNDO LATINO NO ES RESPONSABLE NI DUENO DE LOS CANALES QUE SE TRANSMITEN EN EL MISMO,ESTE ES UN ADD-ON COMPLETAMENTE GRATIS Y SE PROHIBE SU VENTA.
    </description>
    <platform>all</platform>
  </extension>
</addon>
