<?xml version="1.0" encoding="UTF-8" standalone="yes"?>
<addon id="plugin.video.bassfox" name="[COLOR dodgerblue]Ba[COLOR lightblue]ss[/COLOR]Fox[/COLOR]" version="1.6.7" provider-name="BassFox">
  <requires>
    <import addon="xbmc.python" version="2.1.0"/>
    <import addon="script.module.urlresolver" version="3.0.21" optional="true"/>
    <import addon="script.module.beautifulsoup" version="3.2.1"/>
    <import addon="script.module.simple.downloader" version="0.9.4"/>
    <import addon="script.module.beautifulsoup4" />
    <import addon="script.module.requests" />
    <import addon="script.module.httplib2" />
    <import addon="script.module.liveresolver" version="0.1.24" optional="true"/>
    <import addon="script.module.youtube.dl" optional="true"/>
    <import addon="plugin.video.youtube" />
    <import addon="script.module.simplejson" /> 
    <import addon="script.module.livestreamer" optional="true"/>
    <import addon="script.module.pyamf" optional="true"/>
    
       
  </requires>
  <extension point="xbmc.python.pluginsource" library="default.py">
    <provides>video</provides>
  </extension>
  <extension point="xbmc.addon.metadata">
    <summary>BASSFOX based on LivetreamsPro by Shani "All rights to this author"</summary>
    <description lang="en">[COLOR cyan][B]BassFox[/B][/COLOR] [COLOR white]- Is an Add-on [COLOR blue][B]Kodi[/B][/COLOR] with which you can enjoy free TV channels, if you are charging for this Add-on asks for money back. 
This Add-on has a collection of list live tv channels mostly in Spanish language, Thank you for your preference [COLOR cyan][B]BassFox[/B][/COLOR] based on LivetreamsPro by[COLOR cadetblue][B] SHANI ( All rights reserved to the creator)[/B][/COLOR]</description>
<description lang="es">[COLOR cyan][B]BassFox[/B][/COLOR][COLOR white] - Es un Add-on de [COLOR blue][B]Kodi[/B][/COLOR] con el cual podrás disfrutar de canales de tv y películas gratis, si te están cobrando por este Add-on pide la devolución de tu dinero. 
Gracias por su preferencia [COLOR cyan][B]BassFox[/B][/COLOR] based on LivetreamsPro by[COLOR cadetblue][B] SHANI ( All rights reserved to the creator)[/B][/COLOR]</description>
     <disclaimer lang="en">Using this add-on is free and at your own risk if the law prohibits the use </disclaimer>
		<disclaimer lang="es">El uso de este Add-on es gratuito y bajo tu responsabilidad si las leyes de tu país restringuen su uso</disclaimer>
    <platform>all</platform>
  </extension>
</addon>
