<?xml version="1.0" encoding="UTF-8" standalone="yes"?>
<addon id="plugin.video.miflix"
       name="[COLOR yellow]MI[/COLOR][COLOR red]FLIX 3.0[/COLOR]"
       version="3.0"
       provider-name="Thehouse">
  <requires>
    <import addon="xbmc.python" version="2.1.0"/>
    <import addon="script.module.beautifulsoup" version="3.2.1"/>
    <import addon="script.module.simple.downloader" version="0.9.4"/>
    <import addon="script.module.beautifulsoup4" />
    <import addon="script.module.requests" />
    <import addon="script.module.httplib2" />
    <import addon="script.module.youtube.dl" optional="true"/>
    <import addon="plugin.video.youtube" optional="true" />
    <import addon="script.module.urlresolver" optional="true"/>
    <import addon="script.module.simplejson" />
	<import addon="script.module.livestreamer" optional="true"/>
  </requires>
  <extension point="xbmc.python.pluginsource" library="default.py">
    <provides>video</provides>
  </extension>
  <extension point="xbmc.addon.metadata">
    <summary>VIDEO</summary>
    <description>Peliculas y Series 
	ahora totalmente en latino visitanos en www.miflixaddon.com.
	
 </description>
    <platform>all</platform>
  </extension>
</addon>
